city,latitude,longitude,station,dominant_pollutant,timestamp,timestamp_timezone,aqi,AQI_meaning,AQI_health_implications,pm2.5,pm10,o3,co,no2,so2,dew,h,p,t,w
Mumbai,19.072830200195,72.882606506348,"Mumbai US Consulate, India (मुंबई अमेरिकी वाणिज्य दूतावास)",pm2.5,2024-06-30 13:00:00,+05:30,68.0,Moderate,"Air quality is acceptable; however, for some pollutants there may be a moderate health concern for a very small number of people who are unusually sensitive to air pollution.",68.0,40.24025974025974,16.22236842105263,4.706329113924051,6.365625,3.6504132231404958,25.5,83.0,1003.5,28.5,3.3
Delhi,28.63576,77.22445,"New Delhi US Embassy, India (नई दिल्ली अमेरिकी दूतावास)",pm2.5,2024-06-30 13:00:00,+05:30,159.0,Unhealthy,Everyone may begin to experience health effects; members of sensitive groups may experience more serious health effects.,159.0,40.24025974025974,16.22236842105263,4.706329113924051,6.365625,3.6504132231404958,27.0,63.0,1000.0,35.0,1.5
Bangalore,12.938539,77.5901,"Hombegowda Nagar, Bengaluru, India",pm2.5,2024-06-30 13:00:00,+05:30,53.0,Moderate,"Air quality is acceptable; however, for some pollutants there may be a moderate health concern for a very small number of people who are unusually sensitive to air pollution.",53.0,30.0,6.8,2.9,4.8,2.0,21.0,62.75,712.0,31.125,1.625
Hyderabad,17.384050369263,78.456359863281,"Hyderabad US Consulate, India (हैदराबाद अमेरिकी वाणिज्य दूतावास)",pm2.5,2024-06-30 13:00:00,+05:30,61.0,Moderate,"Air quality is acceptable; however, for some pollutants there may be a moderate health concern for a very small number of people who are unusually sensitive to air pollution.",61.0,40.24025974025974,16.22236842105263,4.706329113924051,6.365625,3.6504132231404958,23.0,70.0,1009.0,29.0,5.1
Ahmedabad,23.002657,72.591912,"Maninagar, Ahmedabad, India",pm2.5,2024-06-30 13:00:00,+05:30,92.0,Moderate,"Air quality is acceptable; however, for some pollutants there may be a moderate health concern for a very small number of people who are unusually sensitive to air pollution.",92.0,57.0,0.7,2.0,12.7,7.2,26.0,99.99899999999998,1001.0,30.0,8.583333333333334
Chennai,13.1036,80.2909,"Royapuram, Chennai, Chennai, India",pm2.5,2024-06-29 14:00:00,+05:30,66.0,Moderate,"Air quality is acceptable; however, for some pollutants there may be a moderate health concern for a very small number of people who are unusually sensitive to air pollution.",66.0,58.0,2.2,7.0,10.5,1.3,,69.0,740.0,26.2,1.2
Kolkata,22.562629699707,88.363037109375,"Kolkata US Consulate, India (कोलकाता अमेरिकी वाणिज्य दूतावास)",pm2.5,2024-06-30 13:00:00,+05:30,97.0,Moderate,"Air quality is acceptable; however, for some pollutants there may be a moderate health concern for a very small number of people who are unusually sensitive to air pollution.",97.0,40.24025974025974,16.22236842105263,4.706329113924051,6.365625,3.6504132231404958,28.0,81.5,999.0,31.5,4.3
Pune,18.529603,73.849586,"Shivajinagar, Pune, Pune, India",pm2.5,2021-11-15 06:00:00,+05:30,232.0,Very Unhealthy,Health warnings of emergency conditions. The entire population is more likely to be affected.,232.0,138.0,61.0,51.0,198.0,3.6504132231404958,20.6,92.9,945.9,21.8,0.5
Jaipur,26.9164092,75.7994901,"Police Commissionerate, Jaipur, India",pm2.5,2024-06-30 13:00:00,+05:30,56.0,Moderate,"Air quality is acceptable; however, for some pollutants there may be a moderate health concern for a very small number of people who are unusually sensitive to air pollution.",56.0,67.0,32.9,7.5,4.8,4.0,26.5,62.703333333333326,723.88,34.0,0.9333333333333332
Lucknow,26.766433,80.927299,"B R Ambedkar University, Lucknow, India",pm2.5,2024-06-30 12:00:00,+05:30,77.0,Moderate,"Air quality is acceptable; however, for some pollutants there may be a moderate health concern for a very small number of people who are unusually sensitive to air pollution.",77.0,45.0,6.1,4.0,4.2,5.3,26.0,70.14666666666666,740.6,30.0,1.3766666666666667
Kanpur,26.428282,80.327067,"FTI Kidwai Nagar, Kanpur, India",pm2.5,2024-06-30 13:00:00,+05:30,37.0,Good,"Air quality is considered satisfactory, and air pollution poses little or no risk",37.0,22.0,16.6,4.7,7.9,5.6,26.0,71.345,737.565,32.0,0.5299999999999999
Nagpur,21.152875,79.0517531,"Opp GPO Civil Lines, Nagpur, India",pm2.5,2024-06-30 13:00:00,+05:30,47.0,Good,"Air quality is considered satisfactory, and air pollution poses little or no risk",47.0,42.0,2.7,2.7,6.2,1.9,27.0,76.83000000000001,1004.5,31.0775,1.2349999999999999
Thane,19.192056,72.9585188,"Pimpleshwar Mandir, Dombivali, Thane, India",pm10,2024-06-30 13:00:00,+05:30,43.0,Good,"Air quality is considered satisfactory, and air pollution poses little or no risk",51.30508474576271,43.0,5.6,3.8,7.9,0.6,25.5,57.18,1003.5,31.97,0.66
Bhopal,23.233584,77.400574,"T T Nagar, Bhopal, India",pm2.5,2024-06-30 13:00:00,+05:30,67.0,Moderate,"Air quality is acceptable; however, for some pollutants there may be a moderate health concern for a very small number of people who are unusually sensitive to air pollution.",67.0,51.0,2.6,7.1,10.1,12.0,,73.25,709.75,25.975,0.425
Patna,25.6103665,85.1327137,"IGSC Planetarium Complex, Patna, India",pm2.5,2024-06-30 13:00:00,+05:30,75.0,Moderate,"Air quality is acceptable; however, for some pollutants there may be a moderate health concern for a very small number of people who are unusually sensitive to air pollution.",75.0,40.24025974025974,16.5,2.9,4.5,2.7,29.0,81.25,745.75,29.700000000000003,0.6
Ghaziabad,28.685382,77.453839,"Sanjay Nagar, Ghaziabad, India",pm2.5,2024-06-30 13:00:00,+05:30,127.0,Unhealthy for sensitive group,Members of sensitive groups may experience health effects. The general public is not likely to be affected.,127.0,75.0,4.9,4.4,9.2,5.3,27.0,56.5,739.0,30.975,1.5499999999999998
Ludhiana,30.9028,75.8086,"Punjab Agricultural University, Ludhiana, India",pm2.5,2024-06-30 13:00:00,+05:30,75.0,Moderate,"Air quality is acceptable; however, for some pollutants there may be a moderate health concern for a very small number of people who are unusually sensitive to air pollution.",75.0,39.0,5.9,7.5,8.7,3.6,25.0,85.27,972.6172142857143,29.8,0.30500000000000005
Agra,27.19865833,78.00598056,"Sanjay Palace, Agra, India",pm10,2024-06-30 13:00:00,+05:30,21.0,Good,"Air quality is considered satisfactory, and air pollution poses little or no risk",346.0,21.0,86.6,4.706329113924051,1.2,2.0,27.7,81.5,747.0,30.05,1.7999999999999998
Nashik,20.0073285,73.7762427,"Gangapur Road, Nashik, India",pm2.5,2024-06-30 13:00:00,+05:30,45.0,Good,"Air quality is considered satisfactory, and air pollution poses little or no risk",45.0,16.0,1.3,10.6,2.3,8.1,24.9,137.0,972.6172142857143,26.0,1.53
Faridabad,28.4088421,77.3099081,"Sector16A Faridabad, Faridabad, India",pm2.5,2024-06-29 22:00:00,+05:30,176.0,Unhealthy,Everyone may begin to experience health effects; members of sensitive groups may experience more serious health effects.,176.0,40.24025974025974,5.9,7.2,14.7,10.5,27.0,66.0,1442.0,26.1,1.2
Meerut,29.06351,77.709723,"Pallavpuram Phase 2, Meerut, India",pm2.5,2024-06-30 13:00:00,+05:30,94.0,Moderate,"Air quality is acceptable; however, for some pollutants there may be a moderate health concern for a very small number of people who are unusually sensitive to air pollution.",94.0,54.0,12.5,5.3,4.4,6.9,27.0,64.5,743.5,26.0,0.45
Kalyan,19.25292,73.142019,"Khadakpada, Kalyan, India",pm10,2024-06-30 13:00:00,+05:30,683.0,Invalid AQI value,Invalid AQI value,430.0,683.0,3.1,3.2,11.2,10.8,25.5,89.45,1001.2400000000001,28.5,0.66
Dombivali,19.25292,73.142019,"Khadakpada, Kalyan, India",pm10,2024-06-30 13:00:00,+05:30,683.0,Invalid AQI value,Invalid AQI value,430.0,683.0,3.1,3.2,11.2,10.8,25.5,89.45,1001.2400000000001,28.5,0.66
Virar,19.3832,72.8204,"Vasai West, Mumbai, India",pm10,2024-06-30 13:00:00,+05:30,59.0,Moderate,"Air quality is acceptable; however, for some pollutants there may be a moderate health concern for a very small number of people who are unusually sensitive to air pollution.",57.0,59.0,3.0,2.3,9.3,9.6,25.5,90.515,1003.6625,28.5,1.81
Varanasi,25.32393,82.99687,"Maldahiya, Varanasi, India",pm2.5,2024-06-30 13:00:00,+05:30,40.0,Good,"Air quality is considered satisfactory, and air pollution poses little or no risk",40.0,12.0,2.8,3.2,0.5,11.7,24.8,77.39491527001863,972.6172142857143,35.2,2.594845505617977
Srinagar,34.066206,74.81982,"Rajbagh, Srinagar, India",pm2.5,2024-06-30 06:00:00,+05:30,78.0,Moderate,"Air quality is acceptable; however, for some pollutants there may be a moderate health concern for a very small number of people who are unusually sensitive to air pollution.",78.0,55.0,4.8,3.6,2.3,3.4,16.7,98.67,834.0,23.2,0.44
Aurangabad,24.75746,84.366208,"Gurdeo Nagar, Aurangabad, India",pm2.5,2024-06-30 13:00:00,+05:30,87.0,Moderate,"Air quality is acceptable; however, for some pollutants there may be a moderate health concern for a very small number of people who are unusually sensitive to air pollution.",87.0,388.0,12.2,9.4,2.4,16.0,25.5,90.0,1000.0,28.233333333333334,2.8666666666666667
Amritsar,31.62,74.876512,"Golden Temple, Amritsar, India",pm2.5,2024-06-30 13:00:00,+05:30,129.0,Unhealthy for sensitive group,Members of sensitive groups may experience health effects. The general public is not likely to be affected.,129.0,79.0,24.3,6.0,8.4,4.8,23.0,65.88,998.0,34.07333333333333,1.355
Navi Mumbai,19.008751,73.01662,"Nerul, Navi Mumbai, India",pm10,2024-06-30 12:00:00,+05:30,51.0,Moderate,"Air quality is acceptable; however, for some pollutants there may be a moderate health concern for a very small number of people who are unusually sensitive to air pollution.",46.0,51.0,9.9,3.3,9.5,2.9,25.0,65.02,1004.5533333333333,28.0,4.3066666666666675
Allahabad,25.44919916,81.82735986,"Nagar Nigam, Prayagraj, India",pm2.5,2024-06-30 13:00:00,+05:30,51.0,Moderate,"Air quality is acceptable; however, for some pollutants there may be a moderate health concern for a very small number of people who are unusually sensitive to air pollution.",51.0,22.0,4.6,2.2,2.0,6.7,10.4,60.46,740.3975,33.8,1.605
Haora,22.5448082,88.3403691,"Victoria, Kolkata, India",pm2.5,2024-06-30 13:00:00,+05:30,83.0,Moderate,"Air quality is acceptable; however, for some pollutants there may be a moderate health concern for a very small number of people who are unusually sensitive to air pollution.",83.0,58.0,7.7,5.0,10.1,2.8,28.0,88.38666666666666,995.3666666666667,31.5,1.92
Coimbatore,10.942451,76.978996,"SIDCO Kurichi, Coimbatore, India",pm2.5,2023-07-21 11:00:00,+05:30,87.0,Moderate,"Air quality is acceptable; however, for some pollutants there may be a moderate health concern for a very small number of people who are unusually sensitive to air pollution.",87.0,58.0,3.2,5.2,0.5,7.2,21.0,73.19,1009.0,30.5,16.07
Jabalpur,23.168606,79.932247,"Marhatal, Jabalpur, India",pm10,2024-06-30 13:00:00,+05:30,54.0,Moderate,"Air quality is acceptable; however, for some pollutants there may be a moderate health concern for a very small number of people who are unusually sensitive to air pollution.",52.0,54.0,8.7,7.8,5.1,7.3,24.5,75.25,710.0,28.525,0.875
Gwalior,26.210536,78.171,"Phool Bagh, Gwalior, India",pm2.5,2024-06-30 09:00:00,+05:30,96.0,Moderate,"Air quality is acceptable; however, for some pollutants there may be a moderate health concern for a very small number of people who are unusually sensitive to air pollution.",96.0,54.0,16.22236842105263,11.5,1.5,8.6,26.4,82.0,977.2,29.8,0.5
Vijayawada,16.507014,80.627767,"PWD Grounds, Vijayawada, India",,2020-11-19 16:00:00,+05:30,55.35672514619883,Invalid AQI value,Invalid AQI value,52.0,40.24025974025974,5.1,4.2,0.7,4.9,22.0,0.7575000000000001,448.32,32.0,0.3225
Jodhpur,26.268249,73.0193853,"Collectorate, Jodhpur, India",pm2.5,2024-06-30 12:00:00,+05:30,110.0,Unhealthy for sensitive group,Members of sensitive groups may experience health effects. The general public is not likely to be affected.,110.0,6.0,8.1,0.1,3.5,2.5,25.8,63.54,719.6,33.19,0.7533333333333333
Raipur,30.269444,78.044167,"Doon University, Dehradun, India",pm2.5,2024-06-30 12:00:00,+05:30,81.0,Moderate,"Air quality is acceptable; however, for some pollutants there may be a moderate health concern for a very small number of people who are unusually sensitive to air pollution.",81.0,35.0,11.8,4.9,0.1,0.3,25.7,68.57666666666667,800.2400000000001,31.2,1.7533333333333336
Kota,25.14389,75.821256,"Shrinath Puram, Kota, India",pm2.5,2024-06-30 13:00:00,+05:30,61.0,Moderate,"Air quality is acceptable; however, for some pollutants there may be a moderate health concern for a very small number of people who are unusually sensitive to air pollution.",61.0,43.0,12.2,8.2,10.7,4.3,23.7,56.550000000000004,730.22,33.9075,0.765
Guwahati,26.1875,91.744194,"Pan Bazaar, Guwahati, India",so2,2024-06-29 07:00:00,+05:30,18.0,Good,"Air quality is considered satisfactory, and air pollution poses little or no risk",7.0,40.24025974025974,7.0,2.8,0.1,17.6,26.0,94.0,1002.0,27.0,0.8666666666666667
Chandigarh,30.735567,76.775714,"Sector 22, Chandigarh, India",pm2.5,2024-06-30 13:00:00,+05:30,74.0,Moderate,"Air quality is acceptable; however, for some pollutants there may be a moderate health concern for a very small number of people who are unusually sensitive to air pollution.",74.0,53.0,28.9,6.1,13.9,3.4,24.4,61.0,962.6,26.46666666666667,0.9
Solapur,17.6599188,75.9063906,"Solapur, Solapur, India",pm2.5,2024-06-30 07:00:00,+05:30,137.0,Unhealthy for sensitive group,Members of sensitive groups may experience health effects. The general public is not likely to be affected.,137.0,76.0,16.22236842105263,4.706329113924051,20.0,19.8,25.2,34.3,3134.3,94.3,34.5
Hubli,15.351773,75.140726,"Deshpande Nagar, Hubballi, India",pm2.5,2024-05-26 20:00:00,+05:30,60.0,Moderate,"Air quality is acceptable; however, for some pollutants there may be a moderate health concern for a very small number of people who are unusually sensitive to air pollution.",60.0,53.0,0.3,0.3,10.0,4.9,23.0,73.99,1010.0,25.0,0.68
Bareilly,28.38910936,79.42963708,"Rajendra Nagar, Bareilly, India",pm2.5,2024-06-30 13:00:00,+05:30,30.0,Good,"Air quality is considered satisfactory, and air pollution poses little or no risk",30.0,19.0,0.2,0.9,0.8,7.7,27.2,68.45333333333333,732.9466666666667,31.6,0.91
Moradabad,28.856664,78.772638,"Jigar Colony, Moradabad, India",pm2.5,2024-06-30 13:00:00,+05:30,74.0,Moderate,"Air quality is acceptable; however, for some pollutants there may be a moderate health concern for a very small number of people who are unusually sensitive to air pollution.",74.0,45.0,3.1,4.6,6.5,8.3,24.8,65.48750000000001,732.5224999999999,33.0,3.0
Gurgaon,28.4501238,77.0263051,"Vikas Sadan Gurgaon, Gurgaon, India",pm2.5,2024-06-30 13:00:00,+05:30,86.0,Moderate,"Air quality is acceptable; however, for some pollutants there may be a moderate health concern for a very small number of people who are unusually sensitive to air pollution.",86.0,40.24025974025974,22.2,13.2,4.2,14.9,27.0,60.894999999999996,736.975,35.3725,0.3725
Jalandhar,31.321907,75.578914,"Civil Line, Jalandhar, India",pm2.5,2024-06-30 13:00:00,+05:30,74.0,Moderate,"Air quality is acceptable; however, for some pollutants there may be a moderate health concern for a very small number of people who are unusually sensitive to air pollution.",74.0,45.0,12.5,7.2,9.5,5.3,,92.98,1008.3,32.2,1.5775000000000001
Salem,44.943114,-123.005934,"Salem, Oregon, USA",pm2.5,2024-06-29 23:00:00,-07:00,11.0,Good,"Air quality is considered satisfactory, and air pollution poses little or no risk",11.0,40.24025974025974,10.4,4.706329113924051,6.365625,3.6504132231404958,,94.5,1021.9,17.2,0.4
Thiruvananthapuram,8.5149093,76.9435879,"Plammoodu, Thiruvananthapuram, India",pm10,2024-06-30 13:00:00,+05:30,17.0,Good,"Air quality is considered satisfactory, and air pollution poses little or no risk",3.0,17.0,5.4,3.5,3.6,3.8,26.0,68.75,751.75,25.05,2.925
Bhiwandi,19.25292,73.142019,"Khadakpada, Kalyan, India",pm10,2024-06-30 13:00:00,+05:30,683.0,Invalid AQI value,Invalid AQI value,430.0,683.0,3.1,3.2,11.2,10.8,25.5,89.45,1001.2400000000001,28.5,0.66
Gorakhpur,26.730136,83.433859,"Madan Mohan Malaviya University of Technology, Gorakhpur, India",pm2.5,2024-06-30 13:00:00,+05:30,92.0,Moderate,"Air quality is acceptable; however, for some pollutants there may be a moderate health concern for a very small number of people who are unusually sensitive to air pollution.",92.0,50.0,5.0,1.3,4.1,8.2,26.4,82.495,741.3625000000001,34.4,1.3825
Noida,28.5447608,77.3231257,"Sector - 125, Noida, India",pm2.5,2024-06-30 13:00:00,+05:30,81.0,Moderate,"Air quality is acceptable; however, for some pollutants there may be a moderate health concern for a very small number of people who are unusually sensitive to air pollution.",81.0,34.0,5.5,7.4,0.6,7.5,27.0,66.25,730.5,30.4,1.975
Bhilai Nagar,21.185571,81.343175,"Civic Center, Bhilai, India",pm2.5,2024-06-30 13:00:00,+05:30,44.0,Good,"Air quality is considered satisfactory, and air pollution poses little or no risk",44.0,9.0,9.8,6.7,2.8,4.1,24.4,76.3,965.3,29.0,1.0
Firozabad,27.1594,78.3953,"Vibhab Nagar, Firozabad, India",o3,2024-06-30 12:00:00,+05:30,5.0,Good,"Air quality is considered satisfactory, and air pollution poses little or no risk",28.0,23.0,4.8,2.6,5.1,3.0,27.7,94.5,735.4,30.2,1.0599999999999998
Kochi,33.5489621,133.5987948,"Kera, Kochi, Kochi Prefecture, Japan (介良高知市)",pm2.5,2024-06-30 15:00:00,+09:00,34.0,Good,"Air quality is considered satisfactory, and air pollution poses little or no risk",34.0,19.0,13.6,4.706329113924051,1.0,1.5,25.8,88.9,1007.1,27.8,5.6
Dehradun,30.269444,78.044167,"Doon University, Dehradun, India",pm2.5,2024-06-30 12:00:00,+05:30,81.0,Moderate,"Air quality is acceptable; however, for some pollutants there may be a moderate health concern for a very small number of people who are unusually sensitive to air pollution.",81.0,35.0,11.8,4.9,0.1,0.3,25.7,68.57666666666667,800.2400000000001,31.2,1.7533333333333336
Durgapur,23.5404352,87.2892225,"Sidhu Kanhu Indoor Stadium, Durgapur, India",pm2.5,2024-06-30 13:00:00,+05:30,149.0,Unhealthy for sensitive group,Members of sensitive groups may experience health effects. The general public is not likely to be affected.,149.0,68.0,0.5,5.8,11.8,3.7,26.4,64.44,998.825,32.0,0.45999999999999996
Asansol,23.685297,86.945968,"Asansol Court Area, Asansol, India",pm2.5,2024-06-30 13:00:00,+05:30,154.0,Unhealthy,Everyone may begin to experience health effects; members of sensitive groups may experience more serious health effects.,154.0,58.0,31.3,7.3,11.8,5.2,26.4,87.2175,998.675,32.0,0.4775
Ajmer,26.470859,74.646594,"Civil Lines, Ajmer, India",pm2.5,2024-06-30 13:00:00,+05:30,75.0,Moderate,"Air quality is acceptable; however, for some pollutants there may be a moderate health concern for a very small number of people who are unusually sensitive to air pollution.",75.0,52.0,12.8,3.1,4.2,4.5,25.1,64.875,717.6025,36.042500000000004,1.1275
Gulbarga,17.321993,76.822628,"Lal Bahadur Shastri Nagar, Kalaburagi, India",co,2024-06-30 12:00:00,+05:30,6.0,Good,"Air quality is considered satisfactory, and air pollution poses little or no risk",65.0,35.0,0.3,6.1,4.2,0.3,23.8,1.1133333333333333,954.7,26.6,0.03666666666666667
Ujjain,23.182719,75.768218,"Mahakaleshwar Temple, Ujjain, India",pm2.5,2024-06-30 13:00:00,+05:30,55.0,Moderate,"Air quality is acceptable; however, for some pollutants there may be a moderate health concern for a very small number of people who are unusually sensitive to air pollution.",55.0,41.0,21.0,3.4,4.3,2.9,24.0,67.0,1005.5,29.2,7.4
Loni,28.757294,77.278792,"Loni, Ghaziabad, India",pm2.5,2024-06-30 13:00:00,+05:30,177.0,Unhealthy,Everyone may begin to experience health effects; members of sensitive groups may experience more serious health effects.,177.0,73.0,12.7,7.3,4.7,3.0,27.0,64.0,740.0,30.0,1.9
Siliguri,26.6883049,88.412668,"Ward-32 Bapupara, Siliguri, India",pm2.5,2024-06-30 13:00:00,+05:30,59.0,Moderate,"Air quality is acceptable; however, for some pollutants there may be a moderate health concern for a very small number of people who are unusually sensitive to air pollution.",59.0,28.0,6.7,4.1,8.0,3.0,26.8,97.2325,989.925,27.0,1.1600000000000001
Jhansi,25.4547,78.6039,"Shivaji Nagar, Jhansi, India",pm2.5,2024-06-30 13:00:00,+05:30,57.0,Moderate,"Air quality is acceptable; however, for some pollutants there may be a moderate health concern for a very small number of people who are unusually sensitive to air pollution.",57.0,30.0,0.3,2.1,2.2,7.9,26.9,87.07000000000001,728.6533333333333,29.4,0.8266666666666667
Ulhasnagar,19.25292,73.142019,"Khadakpada, Kalyan, India",pm10,2024-06-30 13:00:00,+05:30,434.0,Hazardous,Health alert: everyone may experience more serious health effects.,349.0,434.0,3.2,3.2,11.2,10.8,25.5,89.45,1000.46,28.5,0.68
Belgaum,15.888653,74.541751,"Ramteerth Nagar, Belgaum, India",pm2.5,2024-06-28 22:00:00,+05:30,102.0,Unhealthy for sensitive group,Members of sensitive groups may experience health effects. The general public is not likely to be affected.,102.0,58.0,8.0,8.9,9.3,3.8,21.0,51.10666666666666,1010.5,23.0,0.10333333333333335
Mangalore,12.88925,74.853,"Kadri, Mangalore, India",pm2.5,2024-06-30 13:00:00,+05:30,61.0,Moderate,"Air quality is acceptable; however, for some pollutants there may be a moderate health concern for a very small number of people who are unusually sensitive to air pollution.",61.0,51.0,12.6,8.1,2.2,6.2,26.0,78.4375,1009.0,26.0,0.8825000000000001
Ambattur,13.0664,80.2112,"Arumbakkam, Chennai, Chennai, India",pm10,2024-06-30 13:00:00,+05:30,53.0,Moderate,"Air quality is acceptable; however, for some pollutants there may be a moderate health concern for a very small number of people who are unusually sensitive to air pollution.",49.0,53.0,16.22236842105263,4.706329113924051,6.365625,4.0,,72.5,756.25,32.875,1.5
London,51.5073509,-0.1277583,London,pm2.5,2024-06-30 07:00:00,+01:00,21.0,Good,"Air quality is considered satisfactory, and air pollution poses little or no risk",21.0,8.0,19.9,0.7,5.5,3.3,,85.0,1013.4,17.2,1.5
Manchester,53.48152,-2.237881,"Manchester Piccadilly, United Kingdom",o3,2024-06-30 07:00:00,+01:00,21.0,Good,"Air quality is considered satisfactory, and air pollution poses little or no risk",12.0,8.0,20.7,4.706329113924051,2.1,0.9,,83.8,1012.8,11.6,5.2
Birmingham,52.486243,-1.890401,Birmingham,pm2.5,2021-10-01 15:00:00,+01:00,13.0,Good,"Air quality is considered satisfactory, and air pollution poses little or no risk",13.0,5.0,27.3,4.706329113924051,3.2,3.6504132231404958,,61.5,1009.0,14.4,4.0
Glasgow,55.85917,-4.258889,"Glasgow Kerbside, United Kingdom",pm2.5,2024-06-30 06:00:00,+01:00,28.0,Good,"Air quality is considered satisfactory, and air pollution poses little or no risk",28.0,15.0,19.6,4.706329113924051,6.3,0.7,9.0,76.0,1013.0,13.0,2.5
Liverpool,53.37287,-3.022722,"Wirral Tranmere, United Kingdom",o3,2024-06-30 07:00:00,+01:00,23.0,Good,"Air quality is considered satisfactory, and air pollution poses little or no risk",16.0,9.0,23.4,4.706329113924051,0.5,0.6,,77.0,1010.1,13.0,2.594845505617977
Newcastle,-32.93118,151.7596,Newcastle Lower Hunter,pm10,2024-06-30 17:00:00,+10:00,13.0,Good,"Air quality is considered satisfactory, and air pollution poses little or no risk",4.0,13.0,16.22236842105263,4.706329113924051,1.0,1.5,,86.0,1014.4,15.0,9.5
Sheffield,53.378622,-1.478096,"Sheffield Devonshire Green, United Kingdom",o3,2024-06-30 07:00:00,+01:00,21.0,Good,"Air quality is considered satisfactory, and air pollution poses little or no risk",17.0,7.0,20.5,4.706329113924051,34.8,1.7,,69.0,1005.7,13.8,1.7
Leeds,53.80378,-1.546472,"Leeds Centre, United Kingdom",pm2.5,2024-06-30 07:00:00,+01:00,17.0,Good,"Air quality is considered satisfactory, and air pollution poses little or no risk",17.0,7.0,16.7,1.9,1.9,1.1,,83.8,1012.2,12.2,0.4
Bristol,51.462839,-2.584482,"Bristol St Paul's, United Kingdom",pm2.5,2024-06-30 07:00:00,+01:00,25.0,Good,"Air quality is considered satisfactory, and air pollution poses little or no risk",25.0,13.0,19.4,4.706329113924051,1.6,0.2,,83.3,1014.0,12.7,4.6
Nottingham,52.95473,-1.146447,"Nottingham Centre, United Kingdom",pm2.5,2024-01-30 16:00:00,+00:00,55.0,Moderate,"Air quality is acceptable; however, for some pollutants there may be a moderate health concern for a very small number of people who are unusually sensitive to air pollution.",55.0,22.0,17.5,4.706329113924051,16.0,1.1,,58.0,996.0,10.0,0.7
Southampton,50.90814,-1.395778,"Southampton Centre, United Kingdom",o3,2024-06-30 07:00:00,+01:00,17.0,Good,"Air quality is considered satisfactory, and air pollution poses little or no risk",25.0,11.0,17.1,4.706329113924051,3.7,0.7,,91.0,1011.0,14.4,0.2
Portsmouth,50.82881,-1.068583,"Portsmouth, United Kingdom",pm2.5,2024-06-30 07:00:00,+01:00,33.0,Good,"Air quality is considered satisfactory, and air pollution poses little or no risk",33.0,11.0,15.8,4.706329113924051,3.5,0.6,,66.0,1011.9,16.7,3.3
Cardiff,51.48178,-3.17625,"Cardiff Centre, United Kingdom",o3,2024-06-30 08:00:00,+01:00,21.0,Good,"Air quality is considered satisfactory, and air pollution poses little or no risk",5.0,2.0,21.1,4.706329113924051,1.6,0.2,,97.0,1013.8,13.0,0.5
Belfast,54.59965,-5.928833,"Belfast Centre, United Kingdom",pm2.5,2024-06-30 07:00:00,+01:00,35.0,Good,"Air quality is considered satisfactory, and air pollution poses little or no risk",35.0,20.0,17.2,0.2,4.2,0.5,9.0,81.0,1015.0,12.0,2.0
Dublin,53.345053,-6.254344,"Pearse Street, Dublin 2, Ireland",pm2.5,2024-06-30 06:00:00,+01:00,20.0,Good,"Air quality is considered satisfactory, and air pollution poses little or no risk",20.0,8.0,8.2,4.706329113924051,5.3,3.6504132231404958,,89.5,1016.0,11.1,2.5
Cork,51.911111000177,-8.4750000002426,"South Link Road, Cork, Ireland",so2,2024-06-30 06:00:00,+01:00,0.0,Good,"Air quality is considered satisfactory, and air pollution poses little or no risk",51.30508474576271,40.24025974025974,17.5,4.706329113924051,1.5,0.2,7.0,81.0,1018.0,10.0,3.0
Limerick,52.66385,-8.626646,"O'Connell St, Limerick, Ireland",pm2.5,2024-06-30 08:00:00,+01:00,28.0,Good,"Air quality is considered satisfactory, and air pollution poses little or no risk",28.0,8.0,16.22236842105263,4.706329113924051,6.365625,3.6504132231404958,10.0,87.0,1018.0,12.0,3.0
Galway,53.292096,-8.987049,"Briarhill, Co. Galway, Ireland",pm2.5,2024-06-30 06:00:00,+01:00,17.0,Good,"Air quality is considered satisfactory, and air pollution poses little or no risk",17.0,9.0,16.22236842105263,4.706329113924051,11.3,3.6504132231404958,9.0,87.0,1018.0,11.0,1.5
Waterford,52.263829,-7.117967,"Merchants Quay, Waterford City, Ireland",pm2.5,2024-06-30 06:00:00,+01:00,18.0,Good,"Air quality is considered satisfactory, and air pollution poses little or no risk",18.0,7.0,16.1,4.706329113924051,1.1,3.6504132231404958,,85.0,1016.4,10.0,5.0
Derry,55.002851,-7.331128,"Derry Rosemount, United Kingdom",o3,2024-06-30 07:00:00,+01:00,20.0,Good,"Air quality is considered satisfactory, and air pollution poses little or no risk",25.0,12.0,20.4,4.706329113924051,0.5,0.6,,76.5,1009.2,12.0,6.0
Dundalk,39.2981,-76.604698,"Oldtown, Maryland, USA",pm2.5,2022-01-13 06:00:00,-05:00,63.0,Moderate,"Air quality is acceptable; however, for some pollutants there may be a moderate health concern for a very small number of people who are unusually sensitive to air pollution.",63.0,40.24025974025974,16.22236842105263,4.706329113924051,6.365625,3.6504132231404958,,83.0,1015.8,-1.6,1.0
Lisburn,54.543516,-6.008608,"Lisburn Dunmurry Seymour Hill, United Kingdom",pm2.5,2024-06-30 04:00:00,+01:00,21.0,Good,"Air quality is considered satisfactory, and air pollution poses little or no risk",21.0,10.0,19.5,4.706329113924051,1.4,1.1,9.0,81.0,1014.0,12.0,2.5
Newry,54.180381,-6.33924,"Newry Canal Street, United Kingdom",pm10,2024-06-30 07:00:00,+01:00,16.0,Good,"Air quality is considered satisfactory, and air pollution poses little or no risk",21.0,16.0,19.5,4.706329113924051,3.2,1.1,,85.0,1015.5,12.2,2.2
Bangor,44.817398,-68.772762,"Bangor MSS, Maine, USA",pm2.5,2024-06-30 02:00:00,-05:00,15.0,Good,"Air quality is considered satisfactory, and air pollution poses little or no risk",15.0,8.0,16.22236842105263,4.706329113924051,6.365625,3.6504132231404958,,94.3,1010.9,15.9,4.8
Brighton,43.145021,-77.557608,"Rochester Near Rd, New York, USA",pm2.5,2024-06-30 02:00:00,-04:00,29.0,Good,"Air quality is considered satisfactory, and air pollution poses little or no risk",29.0,40.24025974025974,32.8,1.0,2.3,3.6504132231404958,,96.0,1011.2,21.8,1.0
Cambridge,52.199575,0.12774,"Cambridge Gonville Place, United Kingdom",pm2.5,2022-05-13 09:00:00,+01:00,30.0,Good,"Air quality is considered satisfactory, and air pollution poses little or no risk",30.0,11.0,25.0,4.706329113924051,5.1,3.7,,61.7,1017.4,15.0,0.2
Carlisle,54.894834,-2.945307,"Carlisle Roadside, United Kingdom",pm2.5,2021-06-21 11:00:00,+01:00,46.0,Good,"Air quality is considered satisfactory, and air pollution poses little or no risk",46.0,15.0,30.0,4.706329113924051,17.9,3.6504132231404958,5.0,58.0,1018.0,13.0,3.6
Chester,39.8356,-75.3725,"Chester, Pennsylvania, USA",pm2.5,2024-06-30 01:00:00,-04:00,25.0,Good,"Air quality is considered satisfactory, and air pollution poses little or no risk",25.0,40.24025974025974,16.8,4.706329113924051,4.2,3.6504132231404958,,96.0,1015.5,24.4444,1.9
Coventry,52.411563,-1.560228,"Coventry Allesley, United Kingdom",o3,2024-06-30 07:00:00,+01:00,20.0,Good,"Air quality is considered satisfactory, and air pollution poses little or no risk",17.0,9.0,19.5,4.706329113924051,1.0,3.6504132231404958,,75.3,1012.7,13.8,2.6
Derby,39.838199,-104.94984,"Welby, Colorado, USA",pm10,2024-06-29 23:00:00,-06:00,14.0,Good,"Air quality is considered satisfactory, and air pollution poses little or no risk",68.0,14.0,12.6,2.9,4.2,0.6,,76.0,1026.0,17.2222,1.0
Durham,35.9919,-78.8964,"Durham Armory, North Carolina, USA",pm2.5,2024-06-30 02:00:00,-05:00,25.0,Good,"Air quality is considered satisfactory, and air pollution poses little or no risk",25.0,12.0,15.2,4.706329113924051,6.365625,0.2,,80.5,1022.5,27.6,0.3
Exeter,-41.303,146.951,Exeter,pm2.5,2024-06-30 17:00:00,+10:00,5.0,Good,"Air quality is considered satisfactory, and air pollution poses little or no risk",5.0,2.0,16.22236842105263,4.706329113924051,6.365625,3.6504132231404958,3.9,74.3,972.6172142857143,8.2,4.1
Kingston,44.219722,-76.521111,"Kingston, Ontario, Canada",o3,2024-06-30 03:00:00,-05:00,34.0,Good,"Air quality is considered satisfactory, and air pollution poses little or no risk",21.0,40.24025974025974,34.4,4.706329113924051,1.1,3.6504132231404958,20.0,100.0,1009.8,20.0,2.5
Lancaster,34.66959,-118.13068,"Lancaster-Division Street, Los Angeles, California",pm2.5,2022-12-19 13:00:00,-08:00,30.0,Good,"Air quality is considered satisfactory, and air pollution poses little or no risk",30.0,12.0,1.6,4.706329113924051,7.5,3.6504132231404958,-7.0,27.0,1024.3,11.0,2.0
Leicester,52.619823,-1.127311,"Leicester University, United Kingdom",o3,2024-06-30 07:00:00,+01:00,19.0,Good,"Air quality is considered satisfactory, and air pollution poses little or no risk",17.0,8.0,19.2,4.706329113924051,2.5,1.1,,75.3,1011.7,13.5,2.0
Lincoln,40.812558,-96.675733,"Llchd Bam, Nebraska, USA",pm2.5,2024-06-30 01:00:00,-06:00,13.0,Good,"Air quality is considered satisfactory, and air pollution poses little or no risk",13.0,40.24025974025974,16.22236842105263,4.706329113924051,6.365625,3.6504132231404958,,65.7,508.7,20.1,2.6
Londonderry,55.002851,-7.331128,"Derry Rosemount, United Kingdom",o3,2024-06-30 07:00:00,+01:00,20.0,Good,"Air quality is considered satisfactory, and air pollution poses little or no risk",25.0,12.0,20.4,4.706329113924051,0.5,0.6,,76.5,1009.2,12.0,6.0
Oxford,51.744806,-1.260278,"Oxford St Ebbes, United Kingdom",o3,2024-06-30 07:00:00,+01:00,23.0,Good,"Air quality is considered satisfactory, and air pollution poses little or no risk",17.0,7.0,23.1,4.706329113924051,1.0,3.6504132231404958,,72.6,1013.3,14.2,0.4
Peterborough,44.301917,-78.346222,"Peterborough, Ontario, Canada",pm2.5,2024-06-30 02:00:00,-05:00,25.0,Good,"Air quality is considered satisfactory, and air pollution poses little or no risk",25.0,40.24025974025974,16.8,4.706329113924051,2.0,3.6504132231404958,17.0,100.0,1009.1,17.0,1.0
Plymouth,50.37167,-4.142361,"Plymouth Centre, United Kingdom",o3,2024-06-30 07:00:00,+01:00,21.0,Good,"Air quality is considered satisfactory, and air pollution poses little or no risk",21.0,9.0,21.1,4.706329113924051,1.0,3.6504132231404958,,83.2,1014.5,16.6,7.2
Preston,53.76559,-2.680353,"Preston, United Kingdom",o3,2024-06-30 07:00:00,+01:00,21.0,Good,"Air quality is considered satisfactory, and air pollution poses little or no risk",17.0,9.0,21.1,4.706329113924051,2.3,3.6504132231404958,,86.4,1013.3,11.1,4.2
Salford,53.48481,-2.334139,"Salford Eccles, United Kingdom",o3,2024-06-30 07:00:00,+01:00,20.0,Good,"Air quality is considered satisfactory, and air pollution poses little or no risk",14.0,10.0,20.3,4.706329113924051,2.7,0.9,,79.0,1012.9,12.3,3.0
Sheffield,53.378622,-1.478096,"Sheffield Devonshire Green, United Kingdom",o3,2024-06-30 07:00:00,+01:00,21.0,Good,"Air quality is considered satisfactory, and air pollution poses little or no risk",17.0,7.0,20.5,4.706329113924051,34.8,1.7,,69.0,1005.7,13.8,1.7
Stirling,56.11472,-3.932178,"Stirling Craig's Roundabout, United Kingdom",,2024-06-29 22:00:00,+01:00,55.35672514619883,Invalid AQI value,Invalid AQI value,19.0,10.0,16.22236842105263,4.706329113924051,1.8,4.1,,82.0,1012.9,11.6,0.2
Stoke,53.02821,-2.175133,"Stoke-on-Trent Centre, United Kingdom",pm2.5,2024-06-30 07:00:00,+01:00,21.0,Good,"Air quality is considered satisfactory, and air pollution poses little or no risk",21.0,11.0,17.9,4.706329113924051,2.8,3.6504132231404958,,90.5,1012.6,12.7,0.5
Sunderland,54.88361,-1.406878,"Sunderland Silksworth, United Kingdom",pm2.5,2024-06-30 07:00:00,+01:00,23.0,Good,"Air quality is considered satisfactory, and air pollution poses little or no risk",23.0,11.0,13.9,4.706329113924051,5.9,0.7,,80.6,1011.0,12.7,0.6
Swansea,51.632696,-3.947374,"Swansea Roadside, United Kingdom",pm2.5,2024-06-30 08:00:00,+01:00,13.0,Good,"Air quality is considered satisfactory, and air pollution poses little or no risk",13.0,2.0,29.0,4.706329113924051,0.6,3.6504132231404958,,76.6,1014.1,15.1,7.0
Wakefield,40.867985,-73.87808,"New York Botanical Garden, USA",pm2.5,2024-06-30 01:00:00,-04:00,8.0,Good,"Air quality is considered satisfactory, and air pollution poses little or no risk",8.0,40.24025974025974,11.2,2.7,7.4,3.6504132231404958,,92.0,1012.4,21.8,3.3
Winchester,36.16396,-115.11393,"Sunrise Acres, Clark County, USA",pm10,2021-05-18 05:00:00,-08:00,33.0,Good,"Air quality is considered satisfactory, and air pollution poses little or no risk",26.0,33.0,7.4,0.1,7.7,0.2,3.0,30.0,1010.4,21.0,2.0
Worcester,42.263877,-71.794186,Worcester Summer St,pm2.5,2024-06-30 01:00:00,-04:00,20.0,Good,"Air quality is considered satisfactory, and air pollution poses little or no risk",20.0,10.0,28.1,2.3,1.0,0.2,,93.5,1014.0,22.7,3.8
York,53.951889,-1.075861,"York Fishergate, United Kingdom",pm2.5,2024-06-30 07:00:00,+01:00,13.0,Good,"Air quality is considered satisfactory, and air pollution poses little or no risk",13.0,13.0,13.0,1.9,1.0,1.1,,58.0,1011.8,17.7,3.2
Aberdeen,57.141922,-2.091664,"Aberdeen Market Street 2, United Kingdom",,2024-06-29 22:00:00,+01:00,55.35672514619883,Invalid AQI value,Invalid AQI value,8.0,4.0,16.7,4.706329113924051,6.9,3.6504132231404958,8.0,76.0,1010.0,12.0,4.8
Dundee,56.464258,-2.971386,"Dundee Meadowside, United Kingdom",,2024-06-29 21:00:00,+01:00,55.35672514619883,Invalid AQI value,Invalid AQI value,10.0,5.0,16.22236842105263,4.706329113924051,8.5,3.6504132231404958,8.0,81.0,1011.0,11.0,3.6
Edinburgh,55.953837,-3.205481,"Edinburgh Queen Street, United Kingdom",o3,2019-03-20 22:00:00,+00:00,19.0,Good,"Air quality is considered satisfactory, and air pollution poses little or no risk",9.0,3.0,18.7,4.0,2.8,4.1,,86.6,1022.6,11.7,3.4
Glasgow,55.85917,-4.258889,"Glasgow Kerbside, United Kingdom",pm2.5,2024-06-30 06:00:00,+01:00,28.0,Good,"Air quality is considered satisfactory, and air pollution poses little or no risk",28.0,15.0,19.6,4.706329113924051,6.3,0.7,9.0,76.0,1013.0,13.0,2.5
Inverness,57.481308,-4.241451,"Inverness, United Kingdom",pm2.5,2024-06-30 07:00:00,+01:00,3.0,Good,"Air quality is considered satisfactory, and air pollution poses little or no risk",3.0,2.0,34.0,4.706329113924051,1.8,3.6504132231404958,,82.1,1012.5,12.4,3.0
Stirling,56.11472,-3.932178,"Stirling Craig's Roundabout, United Kingdom",,2024-06-29 22:00:00,+01:00,55.35672514619883,Invalid AQI value,Invalid AQI value,19.0,10.0,16.22236842105263,4.706329113924051,1.8,4.1,,82.0,1012.9,11.6,0.2
Bangor,44.817398,-68.772762,"Bangor MSS, Maine, USA",pm2.5,2024-06-30 02:00:00,-05:00,15.0,Good,"Air quality is considered satisfactory, and air pollution poses little or no risk",15.0,8.0,16.22236842105263,4.706329113924051,6.365625,3.6504132231404958,,94.3,1010.9,15.9,4.8
Cardiff,51.48178,-3.17625,"Cardiff Centre, United Kingdom",o3,2024-06-30 08:00:00,+01:00,21.0,Good,"Air quality is considered satisfactory, and air pollution poses little or no risk",5.0,2.0,21.1,0.4,1.6,0.2,,97.0,1013.8,13.0,0.5
Newport,51.601203,-2.977281,"Newport, United Kingdom",pm2.5,2024-06-30 07:00:00,+01:00,17.0,Good,"Air quality is considered satisfactory, and air pollution poses little or no risk",17.0,8.0,19.0,0.4,2.4,0.2,,84.5,1013.4,13.6,0.6
Swansea,51.632696,-3.947374,"Swansea Roadside, United Kingdom",pm2.5,2024-06-30 08:00:00,+01:00,13.0,Good,"Air quality is considered satisfactory, and air pollution poses little or no risk",13.0,2.0,29.0,4.706329113924051,0.6,3.6504132231404958,,76.6,1014.1,15.1,7.0
Belfast,54.59965,-5.928833,"Belfast Centre, United Kingdom",pm2.5,2024-06-30 07:00:00,+01:00,35.0,Good,"Air quality is considered satisfactory, and air pollution poses little or no risk",35.0,20.0,17.2,0.2,4.2,0.5,9.0,81.0,1015.0,12.0,2.0
Lisburn,54.543516,-6.008608,"Lisburn Dunmurry Seymour Hill, United Kingdom",pm2.5,2024-06-30 04:00:00,+01:00,21.0,Good,"Air quality is considered satisfactory, and air pollution poses little or no risk",21.0,10.0,19.5,4.706329113924051,1.4,1.1,9.0,81.0,1014.0,12.0,2.5
Derry,55.002851,-7.331128,"Derry Rosemount, United Kingdom",o3,2024-06-30 07:00:00,+01:00,20.0,Good,"Air quality is considered satisfactory, and air pollution poses little or no risk",25.0,12.0,20.4,4.706329113924051,0.5,0.6,,76.5,1009.2,12.0,6.0
Newry,54.180381,-6.33924,"Newry Canal Street, United Kingdom",pm10,2024-06-30 07:00:00,+01:00,16.0,Good,"Air quality is considered satisfactory, and air pollution poses little or no risk",21.0,16.0,19.5,4.706329113924051,3.2,1.1,,85.0,1015.5,12.2,2.2
Cork,51.911111000177,-8.4750000002426,"South Link Road, Cork, Ireland",so2,2024-06-30 06:00:00,+01:00,0.0,Good,"Air quality is considered satisfactory, and air pollution poses little or no risk",51.30508474576271,40.24025974025974,17.5,4.706329113924051,1.5,0.2,7.0,81.0,1018.0,10.0,3.0
Dublin,53.345053,-6.254344,"Pearse Street, Dublin 2, Ireland",pm2.5,2024-06-30 06:00:00,+01:00,20.0,Good,"Air quality is considered satisfactory, and air pollution poses little or no risk",20.0,8.0,8.2,4.706329113924051,5.3,3.6504132231404958,,89.5,1016.0,11.1,2.5
Galway,53.292096,-8.987049,"Briarhill, Co. Galway, Ireland",pm2.5,2024-06-30 06:00:00,+01:00,17.0,Good,"Air quality is considered satisfactory, and air pollution poses little or no risk",17.0,9.0,16.22236842105263,4.706329113924051,11.3,3.6504132231404958,9.0,87.0,1018.0,11.0,1.5
Limerick,52.66385,-8.626646,"O'Connell St, Limerick, Ireland",pm2.5,2024-06-30 08:00:00,+01:00,28.0,Good,"Air quality is considered satisfactory, and air pollution poses little or no risk",28.0,8.0,16.22236842105263,4.706329113924051,6.365625,3.6504132231404958,10.0,87.0,1018.0,12.0,3.0
Waterford,52.263829,-7.117967,"Merchants Quay, Waterford City, Ireland",pm2.5,2024-06-30 06:00:00,+01:00,18.0,Good,"Air quality is considered satisfactory, and air pollution poses little or no risk",18.0,7.0,16.1,4.706329113924051,1.1,3.6504132231404958,,85.0,1016.4,10.0,5.0
Derry,55.002851,-7.331128,"Derry Rosemount, United Kingdom",o3,2024-06-30 07:00:00,+01:00,20.0,Good,"Air quality is considered satisfactory, and air pollution poses little or no risk",25.0,12.0,20.4,4.706329113924051,0.5,0.6,,76.5,1009.2,12.0,6.0
Dundalk,39.2981,-76.604698,"Oldtown, Maryland, USA",pm2.5,2022-01-13 06:00:00,-05:00,63.0,Moderate,"Air quality is acceptable; however, for some pollutants there may be a moderate health concern for a very small number of people who are unusually sensitive to air pollution.",63.0,40.24025974025974,16.22236842105263,4.706329113924051,6.365625,3.6504132231404958,,83.0,1015.8,-1.6,1.0
Lisburn,54.543516,-6.008608,"Lisburn Dunmurry Seymour Hill, United Kingdom",pm2.5,2024-06-30 04:00:00,+01:00,21.0,Good,"Air quality is considered satisfactory, and air pollution poses little or no risk",21.0,10.0,19.5,4.706329113924051,1.4,1.1,9.0,81.0,1014.0,12.0,2.5
Newry,54.180381,-6.33924,"Newry Canal Street, United Kingdom",pm10,2024-06-30 07:00:00,+01:00,16.0,Good,"Air quality is considered satisfactory, and air pollution poses little or no risk",21.0,16.0,19.5,4.706329113924051,3.2,1.1,,85.0,1015.5,12.2,2.2
Bangor,44.817398,-68.772762,"Bangor MSS, Maine, USA",pm2.5,2024-06-30 02:00:00,-05:00,15.0,Good,"Air quality is considered satisfactory, and air pollution poses little or no risk",15.0,8.0,16.22236842105263,4.706329113924051,6.365625,3.6504132231404958,,94.3,1010.9,15.9,4.8
Brighton,43.145021,-77.557608,"Rochester Near Rd, New York, USA",pm2.5,2024-06-30 02:00:00,-04:00,29.0,Good,"Air quality is considered satisfactory, and air pollution poses little or no risk",29.0,40.24025974025974,32.8,1.0,2.3,3.6504132231404958,,96.0,1011.2,21.8,1.0
Cambridge,52.199575,0.12774,"Cambridge Gonville Place, United Kingdom",pm2.5,2022-05-13 09:00:00,+01:00,30.0,Good,"Air quality is considered satisfactory, and air pollution poses little or no risk",30.0,11.0,25.0,4.706329113924051,5.1,3.7,,61.7,1017.4,15.0,0.2
Carlisle,54.894834,-2.945307,"Carlisle Roadside, United Kingdom",pm2.5,2021-06-21 11:00:00,+01:00,46.0,Good,"Air quality is considered satisfactory, and air pollution poses little or no risk",46.0,15.0,30.0,4.706329113924051,17.9,3.6504132231404958,5.0,58.0,1018.0,13.0,3.6
Chester,39.8356,-75.3725,"Chester, Pennsylvania, USA",pm2.5,2024-06-30 01:00:00,-04:00,25.0,Good,"Air quality is considered satisfactory, and air pollution poses little or no risk",25.0,40.24025974025974,16.8,4.706329113924051,4.2,3.6504132231404958,,96.0,1015.5,24.4444,1.9
Coventry,52.411563,-1.560228,"Coventry Allesley, United Kingdom",o3,2024-06-30 07:00:00,+01:00,20.0,Good,"Air quality is considered satisfactory, and air pollution poses little or no risk",17.0,9.0,19.5,4.706329113924051,1.0,3.6504132231404958,,75.3,1012.7,13.8,2.6
Derby,39.838199,-104.94984,"Welby, Colorado, USA",pm10,2024-06-29 23:00:00,-06:00,14.0,Good,"Air quality is considered satisfactory, and air pollution poses little or no risk",68.0,14.0,12.6,2.9,4.2,0.6,,76.0,1026.0,17.2222,1.0
Durham,35.9919,-78.8964,"Durham Armory, North Carolina, USA",pm2.5,2024-06-30 02:00:00,-05:00,25.0,Good,"Air quality is considered satisfactory, and air pollution poses little or no risk",25.0,12.0,15.2,4.706329113924051,6.365625,0.2,,80.5,1022.5,27.6,0.3
Exeter,-41.303,146.951,Exeter,pm2.5,2024-06-30 17:00:00,+10:00,5.0,Good,"Air quality is considered satisfactory, and air pollution poses little or no risk",5.0,2.0,16.22236842105263,4.706329113924051,6.365625,3.6504132231404958,3.9,74.3,972.6172142857143,8.2,4.1
Kingston,44.219722,-76.521111,"Kingston, Ontario, Canada",o3,2024-06-30 03:00:00,-05:00,34.0,Good,"Air quality is considered satisfactory, and air pollution poses little or no risk",21.0,40.24025974025974,34.4,4.706329113924051,1.1,3.6504132231404958,20.0,100.0,1009.8,20.0,2.5
Lancaster,34.66959,-118.13068,"Lancaster-Division Street, Los Angeles, California",pm2.5,2022-12-19 13:00:00,-08:00,30.0,Good,"Air quality is considered satisfactory, and air pollution poses little or no risk",30.0,12.0,1.6,4.706329113924051,7.5,3.6504132231404958,-7.0,27.0,1024.3,11.0,2.0
Leicester,52.619823,-1.127311,"Leicester University, United Kingdom",o3,2024-06-30 07:00:00,+01:00,19.0,Good,"Air quality is considered satisfactory, and air pollution poses little or no risk",17.0,8.0,19.2,4.706329113924051,2.5,1.1,,75.3,1011.7,13.5,2.0
Lincoln,40.812558,-96.675733,"Llchd Bam, Nebraska, USA",pm2.5,2024-06-30 01:00:00,-06:00,13.0,Good,"Air quality is considered satisfactory, and air pollution poses little or no risk",13.0,40.24025974025974,16.22236842105263,4.706329113924051,6.365625,3.6504132231404958,,65.7,508.7,20.1,2.6
Londonderry,55.002851,-7.331128,"Derry Rosemount, United Kingdom",o3,2024-06-30 07:00:00,+01:00,20.0,Good,"Air quality is considered satisfactory, and air pollution poses little or no risk",25.0,12.0,20.4,4.706329113924051,0.5,0.6,,76.5,1009.2,12.0,6.0
Oxford,51.744806,-1.260278,"Oxford St Ebbes, United Kingdom",o3,2024-06-30 07:00:00,+01:00,23.0,Good,"Air quality is considered satisfactory, and air pollution poses little or no risk",17.0,7.0,23.1,4.706329113924051,1.0,3.6504132231404958,,72.6,1013.3,14.2,0.4
Peterborough,44.301917,-78.346222,"Peterborough, Ontario, Canada",pm2.5,2024-06-30 02:00:00,-05:00,25.0,Good,"Air quality is considered satisfactory, and air pollution poses little or no risk",25.0,40.24025974025974,16.8,4.706329113924051,2.0,3.6504132231404958,17.0,100.0,1009.1,17.0,1.0
Plymouth,50.37167,-4.142361,"Plymouth Centre, United Kingdom",o3,2024-06-30 07:00:00,+01:00,21.0,Good,"Air quality is considered satisfactory, and air pollution poses little or no risk",21.0,9.0,21.1,4.706329113924051,1.0,3.6504132231404958,,83.2,1014.5,16.6,7.2
Preston,53.76559,-2.680353,"Preston, United Kingdom",o3,2024-06-30 07:00:00,+01:00,21.0,Good,"Air quality is considered satisfactory, and air pollution poses little or no risk",17.0,9.0,21.1,4.706329113924051,2.3,3.6504132231404958,,86.4,1013.3,11.1,4.2
Salford,53.48481,-2.334139,"Salford Eccles, United Kingdom",o3,2024-06-30 07:00:00,+01:00,20.0,Good,"Air quality is considered satisfactory, and air pollution poses little or no risk",14.0,10.0,20.3,4.706329113924051,2.7,0.9,,79.0,1012.9,12.3,3.0
Sheffield,53.378622,-1.478096,"Sheffield Devonshire Green, United Kingdom",o3,2024-06-30 07:00:00,+01:00,21.0,Good,"Air quality is considered satisfactory, and air pollution poses little or no risk",17.0,7.0,20.5,4.706329113924051,34.8,1.7,,69.0,1005.7,13.8,1.7
Stirling,56.11472,-3.932178,"Stirling Craig's Roundabout, United Kingdom",,2024-06-29 22:00:00,+01:00,55.35672514619883,Invalid AQI value,Invalid AQI value,19.0,10.0,16.22236842105263,4.706329113924051,1.8,4.1,,82.0,1012.9,11.6,0.2
Stoke,53.02821,-2.175133,"Stoke-on-Trent Centre, United Kingdom",pm2.5,2024-06-30 07:00:00,+01:00,21.0,Good,"Air quality is considered satisfactory, and air pollution poses little or no risk",21.0,11.0,17.9,4.706329113924051,2.8,3.6504132231404958,,90.5,1012.6,12.7,0.5
Sunderland,54.88361,-1.406878,"Sunderland Silksworth, United Kingdom",pm2.5,2024-06-30 07:00:00,+01:00,23.0,Good,"Air quality is considered satisfactory, and air pollution poses little or no risk",23.0,11.0,13.9,4.706329113924051,5.9,0.7,,80.6,1011.0,12.7,0.6
Swansea,51.632696,-3.947374,"Swansea Roadside, United Kingdom",pm2.5,2024-06-30 08:00:00,+01:00,13.0,Good,"Air quality is considered satisfactory, and air pollution poses little or no risk",13.0,2.0,29.0,4.706329113924051,0.6,3.6504132231404958,,76.6,1014.1,15.1,7.0
Wakefield,40.867985,-73.87808,"New York Botanical Garden, USA",pm2.5,2024-06-30 01:00:00,-04:00,8.0,Good,"Air quality is considered satisfactory, and air pollution poses little or no risk",8.0,40.24025974025974,11.2,2.7,7.4,3.6504132231404958,,92.0,1012.4,21.8,3.3
Winchester,36.16396,-115.11393,"Sunrise Acres, Clark County, USA",pm10,2021-05-18 05:00:00,-08:00,33.0,Good,"Air quality is considered satisfactory, and air pollution poses little or no risk",26.0,33.0,7.4,0.1,7.7,0.2,3.0,30.0,1010.4,21.0,2.0
Worcester,42.263877,-71.794186,Worcester Summer St,pm2.5,2024-06-30 01:00:00,-04:00,20.0,Good,"Air quality is considered satisfactory, and air pollution poses little or no risk",20.0,10.0,28.1,2.3,1.0,0.2,,93.5,1014.0,22.7,3.8
York,53.951889,-1.075861,"York Fishergate, United Kingdom",pm2.5,2024-06-30 07:00:00,+01:00,13.0,Good,"Air quality is considered satisfactory, and air pollution poses little or no risk",13.0,13.0,13.0,1.9,1.0,1.1,,58.0,1011.8,17.7,3.2
Aberdeen,57.141922,-2.091664,"Aberdeen Market Street 2, United Kingdom",,2024-06-29 22:00:00,+01:00,55.35672514619883,Invalid AQI value,Invalid AQI value,8.0,4.0,16.7,4.706329113924051,6.9,3.6504132231404958,8.0,76.0,1010.0,12.0,4.8
Dundee,56.464258,-2.971386,"Dundee Meadowside, United Kingdom",,2024-06-29 21:00:00,+01:00,55.35672514619883,Invalid AQI value,Invalid AQI value,10.0,5.0,16.22236842105263,4.706329113924051,8.5,3.6504132231404958,8.0,81.0,1011.0,11.0,3.6
Edinburgh,55.953837,-3.205481,"Edinburgh Queen Street, United Kingdom",o3,2019-03-20 22:00:00,+00:00,19.0,Good,"Air quality is considered satisfactory, and air pollution poses little or no risk",9.0,3.0,18.7,4.0,2.8,4.1,,86.6,1022.6,11.7,3.4
Glasgow,55.85917,-4.258889,"Glasgow Kerbside, United Kingdom",pm2.5,2024-06-30 06:00:00,+01:00,28.0,Good,"Air quality is considered satisfactory, and air pollution poses little or no risk",28.0,15.0,19.6,4.706329113924051,6.3,0.7,9.0,76.0,1013.0,13.0,2.5
Inverness,57.481308,-4.241451,"Inverness, United Kingdom",pm2.5,2024-06-30 07:00:00,+01:00,3.0,Good,"Air quality is considered satisfactory, and air pollution poses little or no risk",3.0,2.0,34.0,4.706329113924051,1.8,3.6504132231404958,,82.1,1012.5,12.4,3.0
Stirling,56.11472,-3.932178,"Stirling Craig's Roundabout, United Kingdom",,2024-06-29 22:00:00,+01:00,55.35672514619883,Invalid AQI value,Invalid AQI value,19.0,10.0,16.22236842105263,4.706329113924051,1.8,4.1,,82.0,1012.9,11.6,0.2
Bangor,44.817398,-68.772762,"Bangor MSS, Maine, USA",pm2.5,2024-06-30 02:00:00,-05:00,15.0,Good,"Air quality is considered satisfactory, and air pollution poses little or no risk",15.0,8.0,16.22236842105263,4.706329113924051,6.365625,3.6504132231404958,,94.3,1010.9,15.9,4.8
Cardiff,51.48178,-3.17625,"Cardiff Centre, United Kingdom",o3,2024-06-30 08:00:00,+01:00,21.0,Good,"Air quality is considered satisfactory, and air pollution poses little or no risk",5.0,2.0,21.1,4.706329113924051,1.6,0.2,,97.0,1013.8,13.0,0.5
Newport,51.601203,-2.977281,"Newport St Julians Comp School, United Kingdom",pm2.5,2024-06-30 08:00:00,+01:00,17.0,Good,"Air quality is considered satisfactory, and air pollution poses little or no risk",17.0,8.0,26.0,4.706329113924051,2.4,0.2,,84.5,1013.4,13.6,0.6
Swansea,51.632696,-3.947374,"Swansea Roadside, United Kingdom",pm2.5,2024-06-30 08:00:00,+01:00,13.0,Good,"Air quality is considered satisfactory, and air pollution poses little or no risk",13.0,2.0,29.0,4.706329113924051,0.6,3.6504132231404958,,76.6,1014.1,15.1,7.0
Belfast,54.59965,-5.928833,"Belfast Centre, United Kingdom",pm2.5,2024-06-30 07:00:00,+01:00,35.0,Good,"Air quality is considered satisfactory, and air pollution poses little or no risk",35.0,20.0,17.2,0.2,4.2,0.5,9.0,81.0,1015.0,12.0,2.0
